<repast.simphony.visualization.engine.CartesianDisplayDescriptor>
  <name>A Display</name>
  <type>3D</type>
  <styles>
    <entry>
      <string>flock.Predator</string>
      <string>flock.PredatorStyle</string>
    </entry>
    <entry>
      <string>flock.Prey</string>
      <string>flock.PreyStyle</string>
    </entry>
  </styles>
  <editedStyles>
    <entry>
      <string>flock.Predator</string>
      <null/>
    </entry>
    <entry>
      <string>flock.Prey</string>
      <null/>
    </entry>
  </editedStyles>
  <netStyles/>
  <editedNetStyles/>
  <frequency>ON_MOVE</frequency>
  <schedParams>
    <start>1.0</start>
    <interval>1.0</interval>
    <priority>-Infinity</priority>
    <pType>LAST</pType>
    <duration>-1.0</duration>
    <frequency>REPEAT</frequency>
    <hashCode>-1970632004</hashCode>
  </schedParams>
  <layoutClassName>foo.bar.baz</layoutClassName>
  <layoutProjection>Space</layoutProjection>
  <layoutInterval>0</layoutInterval>
  <layerOrder/>
  <projections>
    <repast.simphony.scenario.data.ProjectionData>
      <id>Space</id>
      <attributes/>
      <type>continuous space</type>
    </repast.simphony.scenario.data.ProjectionData>
  </projections>
  <visualizationProperties class="repast.simphony.visualization.UnitSizeLayoutProperties">
    <unitSize>0.01</unitSize>
  </visualizationProperties>
  <projectionDescriptors>
    <entry>
      <string>Space</string>
      <repast.simphony.visualization.continuous.ContinuousProjectionDescriptor>
        <proj reference="../../../../projections/repast.simphony.scenario.data.ProjectionData"/>
        <props>
          <entry>
            <string>repast.simphony.visualization.continuous.ContinuousDecorator</string>
            <map>
              <entry>
                <string>UNIT_SIZE</string>
                <float>0.01</float>
              </entry>
              <entry>
                <string>SHOW</string>
                <boolean>true</boolean>
              </entry>
              <entry>
                <string>COLOR</string>
                <int>-1</int>
              </entry>
            </map>
          </entry>
        </props>
      </repast.simphony.visualization.continuous.ContinuousProjectionDescriptor>
    </entry>
  </projectionDescriptors>
  <props/>
  <backgroundColor>
    <red>0</red>
    <green>0</green>
    <blue>0</blue>
    <alpha>255</alpha>
  </backgroundColor>
  <valueLayers/>
</repast.simphony.visualization.engine.CartesianDisplayDescriptor>