<repast.simphony.visualization.editedStyle.DefaultEditedValueLayerStyleData3D>
  <color>
    <float>1.0</float>
    <float>1.0</float>
    <float>1.0</float>
  </color>
  <colorMax>
    <float>0.5</float>
    <float>0.25</float>
    <float>1.0</float>
  </colorMax>
  <colorMin>
    <float>0.0</float>
    <float>0.0</float>
    <float>0.0</float>
  </colorMin>
  <colorScale>
    <float>1.0</float>
    <float>1.0</float>
    <float>1.0</float>
  </colorScale>
  <colorValue>
    <boolean>true</boolean>
    <boolean>true</boolean>
    <boolean>true</boolean>
  </colorValue>
  <y>0.0</y>
  <yMin>0.0</yMin>
  <yMax>0.25</yMax>
  <yScale>0.5</yScale>
  <yValue>true</yValue>
  <cellSize>0.06</cellSize>
</repast.simphony.visualization.editedStyle.DefaultEditedValueLayerStyleData3D>