<repast.simphony.gis.visualization.engine.GISDisplayDescriptor>
  <name>GIS 3D Display</name>
  <type>GIS 3D</type>
  <styles>
    <entry>
      <string>geography.RadioTower</string>
      <string>geography.TowerAgentStyle</string>
    </entry>
    <entry>
      <string>geography.GisAgent</string>
      <string>geography.GisAgentStyle</string>
    </entry>
    <entry>
      <string>geography.BufferZoneAgent</string>
      <string>geography.BufferZoneStyle</string>
    </entry>
    <entry>
      <string>geography.WaterLine</string>
      <string>geography.WaterLineStyle</string>
    </entry>
    <entry>
      <string>geography.ZoneAgent</string>
      <string>geography.ZoneStyle</string>
    </entry>
  </styles>
  <editedStyles>
    <entry>
      <string>geography.RadioTower</string>
      <null/>
    </entry>
    <entry>
      <string>geography.GisAgent</string>
      <null/>
    </entry>
    <entry>
      <string>geography.BufferZoneAgent</string>
      <null/>
    </entry>
    <entry>
      <string>geography.WaterLine</string>
      <null/>
    </entry>
    <entry>
      <string>geography.ZoneAgent</string>
      <null/>
    </entry>
  </editedStyles>
  <netStyles/>
  <editedNetStyles/>
  <frequency>ON_NEW</frequency>
  <schedParams>
    <start>1.0</start>
    <interval>1.0</interval>
    <priority>-Infinity</priority>
    <pType>LAST</pType>
    <duration>-1.0</duration>
    <frequency>REPEAT</frequency>
    <hashCode>1670480429</hashCode>
  </schedParams>
  <layoutInterval>0</layoutInterval>
  <layerOrder>
    <entry>
      <string>geography.RadioTower</string>
      <int>2</int>
    </entry>
    <entry>
      <string>geography.GisAgent</string>
      <int>3</int>
    </entry>
    <entry>
      <string>geography.BufferZoneAgent</string>
      <int>4</int>
    </entry>
    <entry>
      <string>geography.WaterLine</string>
      <int>1</int>
    </entry>
    <entry>
      <string>geography.ZoneAgent</string>
      <int>0</int>
    </entry>
  </layerOrder>
  <projections>
    <repast.simphony.scenario.data.ProjectionData>
      <id>Geography</id>
      <attributes/>
      <type>geography</type>
    </repast.simphony.scenario.data.ProjectionData>
  </projections>
  <projectionDescriptors>
    <entry>
      <string>Geography</string>
      <repast.simphony.visualization.gis.GisProjectionDescriptor>
        <proj reference="../../../../projections/repast.simphony.scenario.data.ProjectionData"/>
        <props/>
      </repast.simphony.visualization.gis.GisProjectionDescriptor>
    </entry>
  </projectionDescriptors>
  <props/>
</repast.simphony.gis.visualization.engine.GISDisplayDescriptor>