<?xml version="1.0" encoding="UTF-8" ?>
<parameters>
					<parameter name="moveTimeMin" displayName="Move Time Min" type="int" 
						defaultValue="1" 
						isReadOnly="false" 
						converter="repast.simphony.parameter.StringConverterFactory$IntConverter"
									
		/>
				<parameter name="randomSeed" displayName="Default Random Seed" type="int" 
						defaultValue="__NULL__"
						isReadOnly="false" 
						converter="repast.simphony.parameter.StringConverterFactory$IntConverter"
									
		/>
				<parameter name="gridHeight" displayName="Grid Height" type="int" 
						defaultValue="256" 
						isReadOnly="false" 
						converter="repast.simphony.parameter.StringConverterFactory$IntConverter"
									
		/>
				<parameter name="moveTimeMax" displayName="Move Time Max" type="int" 
						defaultValue="5" 
						isReadOnly="false" 
						converter="repast.simphony.parameter.StringConverterFactory$IntConverter"
									
		/>
				<parameter name="gridWidth" displayName="Grid Width" type="int" 
						defaultValue="256" 
						isReadOnly="false" 
						converter="repast.simphony.parameter.StringConverterFactory$IntConverter"
									
		/>
				<parameter name="divideTimeMax" displayName="Divide Time Max" type="int" 
						defaultValue="30" 
						isReadOnly="false" 
						converter="repast.simphony.parameter.StringConverterFactory$IntConverter"
									
		/>
				<parameter name="divideTimeMin" displayName="Divide Time Min" type="int" 
						defaultValue="10" 
						isReadOnly="false" 
						converter="repast.simphony.parameter.StringConverterFactory$IntConverter"
									
		/>
				<parameter name="initialCells" displayName="Initial Cells" type="int" 
						defaultValue="100" 
						isReadOnly="false" 
						converter="repast.simphony.parameter.StringConverterFactory$IntConverter"
									
		/>
		</parameters>


