<repast.simphony.visualization.engine.CartesianDisplayDescriptor>
  <name>Resource</name>
  <type>2D</type>
  <styles/>
  <editedStyles/>
  <netStyles/>
  <editedNetStyles/>
  <frequency>ON_MOVE</frequency>
  <schedParams>
    <start>1.0</start>
    <interval>1.0</interval>
    <priority>-Infinity</priority>
    <duration>-1.0</duration>
    <frequency>REPEAT</frequency>
    <hashCode>0</hashCode>
  </schedParams>
  <layoutClassName>foo.bar.baz</layoutClassName>
  <layoutProjection>Grid</layoutProjection>
  <layoutInterval>0</layoutInterval>
  <layerOrder/>
  <projections>
    <repast.simphony.scenario.data.ProjectionData>
      <id>Grid</id>
      <attributes/>
      <type>grid</type>
    </repast.simphony.scenario.data.ProjectionData>
  </projections>
  <visualizationProperties class="repast.simphony.visualization.UnitSizeLayoutProperties">
    <unitSize>10.0</unitSize>
  </visualizationProperties>
  <projectionDescriptors>
    <entry>
      <string>Grid</string>
      <repast.simphony.visualization.grid.GridProjectionDescriptor>
        <proj reference="../../../../projections/repast.simphony.scenario.data.ProjectionData"/>
        <props>
          <entry>
            <string>repast.simphony.visualization.grid.GridDecorator</string>
            <map>
              <entry>
                <string>UNIT_SIZE</string>
                <float>10.0</float>
              </entry>
              <entry>
                <string>SHOW</string>
                <boolean>false</boolean>
              </entry>
              <entry>
                <string>COLOR</string>
                <int>-16777216</int>
              </entry>
            </map>
          </entry>
        </props>
      </repast.simphony.visualization.grid.GridProjectionDescriptor>
    </entry>
  </projectionDescriptors>
  <props/>
  <valueLayerStyleName>repast.simphony.visualization.editedStyle.EditedValueLayerStyle2D</valueLayerStyleName>
  <valueLayerEditedStyleName>Resource.style_0.xml</valueLayerEditedStyleName>
  <valueLayers>
    <string>Resource</string>
  </valueLayers>
</repast.simphony.visualization.engine.CartesianDisplayDescriptor>