<repast.simphony.data2.engine.DataSetDescriptor>
  <name>Reactor Data</name>
  <type>AGGREGATE</type>
  <inclTick>true</inclTick>
  <inclBatchRun>false</inclBatchRun>
  <inclRandomSeed>false</inclRandomSeed>
  <scheduleParams>
    <start>1.0</start>
    <interval>1.0</interval>
    <priority>-Infinity</priority>
    <duration>-1.0</duration>
    <frequency>REPEAT</frequency>
    <hashCode>0</hashCode>
  </scheduleParams>
  <atEnd>false</atEnd>
  <methodDataSources class="linked-hash-map">
    <entry>
      <string>AvgResource</string>
      <repast.simphony.data2.engine.MethodDataSourceDefinition>
        <id>AvgResource</id>
        <className>Autocatalysis.Reactor</className>
        <methodName>getResource</methodName>
        <aggType>MEAN</aggType>
      </repast.simphony.data2.engine.MethodDataSourceDefinition>
    </entry>
    <entry>
      <string>AvgSpecies</string>
      <repast.simphony.data2.engine.MethodDataSourceDefinition>
        <id>AvgSpecies</id>
        <className>Autocatalysis.Reactor</className>
        <methodName>getSpecies</methodName>
        <aggType>MEAN</aggType>
      </repast.simphony.data2.engine.MethodDataSourceDefinition>
    </entry>
  </methodDataSources>
  <countSources class="linked-hash-map"/>
  <customNADataSources class="linked-hash-map"/>
  <customAggDataSources class="linked-hash-map"/>
</repast.simphony.data2.engine.DataSetDescriptor>